Fund Name,RP,PM,TER,MF,SAM,ReturnMTD,ReturnYTD,NAV,Date,AUM
MCB DCF Fixed Return III (Plan III),-,-,0.41%,1.75%,-,3188.69%,46.45%,130.418,2025-05-02,"1,816,440,000"
NBP Fixed Term Munafa Plan XIV( NBP Mustahkam Fund II),-,-,0.89%,24.72%,-,2837.51%,38.41%,11.541,2025-05-02,"525,000,000"
MCB DCF Fixed Return II (Plan V),-,-,0.48%,1.73%,-,953.76%,23.97%,111.231,2025-05-02,"1,096,240,000"
Meezan Paidaar Munafa Plan XII,-,-,1.1%,0.78%,0.18%,275.87%,38.02%,57.8691,2025-05-22,"861,980,000"
NBP Islamic Fixed Term Munafa Plan III,-,-,1%,0.96%,-,255.02%,36.89%,11.5387,2025-05-23,"3,087,000,000"
Alhamra Wada Plan (Alhamra Wada Plan IX),-,-,1.07%,71.12%,0.3%,245.73%,38.93%,100.226,2025-04-26,"374,760,000"
MCB Pakistan Fixed Return Plan 22,-,-,0.64%,1.75%,-,218.81%,31.8%,107.108,2025-05-15,"1,683,120,000"
AKD Aggressive Income Fund,Medium,Forward,2.78%,1.9%,0.2%,215.95%,31.97%,66.2746,2025-05-23,"889,930,000"
MCB Pakistan Fixed Return Plan 24,-,-,0.37%,1.75%,-,73.94%,23.86%,102.486,2025-05-15,"4,889,230,000"
JS Fixed Term Munafa Fund (JS Fixed Term Munafa Plan XI),-,-,0.73%,0.2%,0.3%,35.9%,12.56%,106.984,2025-05-23,"1,283,140,000"
JS Fixed Term Munafa Fund (JS Fixed Term Munafa Plan I),-,-,0.9%,0.2%,0.3%,35.23%,23.11%,122.367,2025-05-23,"2,132,970,000"
NBP Income Opportunity Fund,-,-,2%,1.41%,0.5%,35.01%,18.62%,12.685,2025-05-23,"8,352,000,000"
Alfalah GHP Pension Fund,-,Forward,1.58%,0.56%,-,29.14%,18.72%,226.642,2025-05-23,"132,060,000"
Lakson Income Fund,Medium,Forward,1.52%,1.5%,0.75%,28.37%,18.52%,118.854,2025-05-23,"15,058,000,000"
AL Habib Fixed Return Fund Plan 19,-,-,0.43%,0.12%,0.1%,25.51%,15.1%,103.185,2025-05-22,"68,420,000"
Alfalah Stable Return Plan IV,-,-,0.6%,1.5%,-,25.34%,21.7%,114.855,2025-05-23,"3,189,100,000"
JS Fixed Term Munafa Fund (JS Fixed Term Munafa Plan X),-,-,0.67%,0.2%,0.3%,25.13%,14.64%,106.776,2025-05-23,"15,289,800,000"
Faysal Islamic Mustakil Munafa Fund (Faysal Islamic Mehdood Muddat Plan I),-,-,0.32%,0.13%,-,24.98%,18.07%,114.836,2025-05-23,"3,205,360,000"
UBL Government Securities Fund,-,-,1.48%,1%,-,24.89%,19.39%,124.411,2025-05-22,"11,969,800,000"
Alfalah Government Securities Fund - II (Formerly: Faysal Government Securities Fund),-,-,1.02%,0.76%,0.3%,24.86%,16.86%,145.01,2025-05-23,"2,693,080,000"
Alfalah Government Securities Fund Plan I,-,-,1.09%,0.5%,0.7%,24.73%,16.43%,109.898,2025-05-23,"5,478,330,000"
Al Ameen Islamic Sovereign Fund,-,-,1.26%,1%,-,23.28%,14.91%,115.193,2025-05-22,"8,729,190,000"
Alfalah GHP Income Multiplier Fund,Medium,Forward,2.9%,1.74%,0.41%,22.73%,14.95%,61.6599,2025-05-23,"1,114,610,000"
UBL Special Savings Plan X,-,-,1.17%,1%,-,22.71%,18.87%,117.419,2025-05-22,"977,850,000"
MCB DCF Fixed Return III (Plan IV),-,-,0.5%,0.31%,-,22.36%,15.29%,109.426,2025-05-23,"539,990,000"
Alfalah Government Securities Fund Plan II,-,-,0.84%,0.82%,0.13%,22.12%,13.58%,103.816,2025-05-23,"867,640,000"
Alfalah GHP Islamic Pension Fund,-,Forward,1.4%,0.54%,-,22.03%,18.21%,196.045,2025-05-23,"171,430,000"
Faysal Islamic Sovereign Fund (Faysal Islamic Sovereign Plan II),Low,Forward,2.45%,2%,0.4%,21.99%,15.92%,112.106,2025-05-23,"3,885,750,000"
JS Fixed Term Munafa Fund (JS Fixed Term Munafa Plan XIV),-,-,0.7%,0.2%,0.3%,21.86%,12.61%,103.005,2025-05-23,"5,382,930,000"
JS Fixed Term Munafa Fund (JS Fixed Term Munafa Plan XIII),-,-,0.75%,0.2%,0.3%,21.72%,12.17%,104.269,2025-05-23,"6,465,870,000"
UBL Fixed Return Plan IV (P),-,-,0.19%,0.14%,-,21.58%,15.16%,102.7,2025-05-22,"1,982,310,000"
MCB Pakistan Sovereign Fund,-,-,2%,1.99%,0.3%,21.41%,18.83%,63.11,2025-05-23,"29,620,700,000"
Pakistan Income Enhancement Fund,-,-,2.06%,1.73%,0.3%,21.34%,17.96%,63.7737,2025-05-23,"3,911,050,000"
Faysal Islamic Special Income Plan I,-,-,1.11%,0.15%,0.01%,21.31%,13.97%,11.3495,2025-05-24,"135,370,000"
Alfalah GHP Sovereign Fund,Medium,Forward,2.87%,2%,0.62%,20.93%,17.24%,124.289,2025-05-23,"10,307,300,000"
MCB Government Securities Plan I,-,-,1.59%,1.5%,-,20.44%,12.82%,106.916,2025-05-23,"22,879,900,000"
MCB DCF Fixed Return II (Plan I),-,-,1.04%,1.75%,-,20.35%,16.37%,110.39,2025-05-02,"122,500,000"
Pakistan Pension Fund,-,Forward,1.76%,1.3%,-,20.24%,20.07%,590.08,2025-05-23,"2,085,690,000"
UBL Growth & Income Fund,-,-,1.95%,2%,-,19.96%,36.16%,112.869,2025-05-22,"2,875,510,000"
Faysal Islamic Savings Growth Fund,Medium,Forward,2.4%,1.93%,2%,19.84%,15.79%,120.284,2025-05-23,"2,459,020,000"
Pak Qatar Islamic Pension Fund,-,-,2.27%,1.25%,0.5%,19.75%,15.97%,150.553,2025-05-23,"27,750,000"
Alfalah Stable Return Fund Plan XX,-,-,1%,0.7%,-,19.65%,19.65%,100.431,2025-05-23,-
Alfalah Islamic Sovereign Fund (Alfalah Islamic Sovereign Plan II),Medium,Forward,2.66%,0.97%,0.43%,19.17%,15.53%,122.419,2025-05-23,"2,944,230,000"
ABL Pension Fund,-,Forward,0.02%,1.25%,3%,19.12%,17.09%,337.946,2025-05-23,"320,000,000"
Faysal Islamic Pension Fund,-,Forward,1.24%,1.19%,-,19.11%,15.47%,166.465,2025-05-23,"119,560,000"
HBL Government Securities Fund,-,-,2.15%,1.72%,0.15%,19.09%,19.81%,133.579,2025-05-23,"11,375,000,000"
AL Habib Fixed Return Fund Plan 20,-,-,0.23%,0.08%,0.07%,18.74%,11.58%,102.442,2025-05-22,"1,710,370,000"
Alhamra Government Securities Plan I,-,-,1.8%,1.26%,-,18.6%,14.91%,113.356,2025-05-23,"458,000,000"
UBL Retirement Saving Fund,-,-,1.55%,1.4%,-,18.59%,18.14%,504.5,2025-05-22,"2,348,990,000"
NAFA Pension Fund,-,Forward,1.47%,1.12%,0.5%,18.58%,16.75%,359.16,2025-05-23,"2,272,000,000"
UBL Fixed Return Plan II (W),-,-,0.83%,0.36%,-,18.45%,7.55%,102.936,2025-05-15,"306,490,000"
JS Government Securities Fund,-,-,2.06%,0.75%,1.07%,18.31%,15.94%,111.935,2025-05-23,"6,365,500,000"
Pak Qatar Income Plan,-,-,0.96%,0.45%,0.5%,18.31%,16.48%,116.284,2025-05-23,"11,756,900,000"
JS Fixed Term Munafa Fund (JS Fixed Term Munafa Plan XVI),-,-,0.78%,0.2%,0.3%,18.13%,14.7%,101.41,2025-05-23,"1,183,030,000"
HBL Islamic Pension Fund,-,Forward,1%,0.75%,-,18.11%,16.96%,308.189,2025-05-23,"475,180,000"
ABL Income Fund,Medium,Forward,1.72%,1.25%,100%,18%,16.91%,11.7272,2025-05-23,"4,033,000,000"
JS Fixed Term Munafa Fund (JS Fixed Term Munafa Plan XV),-,-,0.49%,0.2%,0.3%,17.97%,14.59%,101.399,2025-05-23,"734,190,000"
NBP Government Securities Savings Fund,-,-,1.47%,1.23%,0.8%,17.91%,17.22%,12.1065,2025-05-23,"8,082,000,000"
NBP Government Securities Plan IV,-,-,1.47%,1.02%,0.5%,17.88%,17.63%,11.6219,2025-05-23,"8,262,000,000"
Alfalah Savings Growth Fund (Formerly: Faysal Savings Growth Fund),-,-,1.68%,0.01%,0.6%,17.78%,21.53%,124.62,2025-05-23,"188,850,000"
UBL Fixed Return Plan I (U),-,-,-0.08%,0.08%,-,17.77%,692.37%,382.638,2025-05-22,"551,300,000"
Al Ameen Islamic Fixed Term Plan I (Q),-,-,0.11%,-19.83%,-,17.77%,12.7%,102.713,2025-04-30,"2,224,000,000"
MCB DCF Income Fund,Medium,Forward,2.29%,1.7%,0.3%,17.68%,16.63%,125.342,2025-05-23,"21,653,000,000"
Alhamra Islamic Income Fund,Medium,Forward,1.63%,1.25%,0.3%,17.57%,15.35%,118.368,2025-05-23,"22,388,300,000"
UBL Fixed Return Plan IV (M),-,-,0.46%,0.31%,-,17.55%,11.38%,102.4,2025-05-22,"2,096,780,000"
UBL Fixed Return Plan IV (K),-,-,0.89%,0.75%,-,17.46%,10.82%,102.727,2025-05-22,"2,701,410,000"
MCB DCF Fixed Return Plan VIII,-,-,0.3%,0.14%,-,17.45%,11.54%,102.244,2025-05-23,"1,011,660,000"
Alfalah Islamic Stable Return Fund Plan IV,-,-,1.02%,1%,-,17.44%,19.06%,116.214,2025-05-23,"1,241,230,000"
NBP Islamic Government Securities Plan III,-,-,1.24%,1.18%,0.4%,17.4%,17.99%,11.3883,2025-05-23,"3,698,000,000"
Pakistan Income Fund,Medium,Forward,2.21%,1.7%,0.3%,17.32%,17.79%,63.7014,2025-05-23,"2,636,560,000"
Alfalah Stable Return Fund Plan XVIII,-,-,0.49%,0.25%,-,17.23%,11.68%,102.721,2025-05-23,"1,529,580,000"
UBL Fixed Return Plan III (G),-,-,0.21%,0.1%,-,17.2%,19.18%,114.508,2025-05-22,"6,059,510,000"
UBL Fixed Return Plan I (V),-,-,0.15%,0.08%,-,17.19%,12.5%,105.034,2025-05-22,"3,118,710,000"
HBL Pension Fund,-,Forward,1.55%,1.15%,3%,17.03%,19.57%,400.258,2025-05-23,"999,730,000"
UBL Income Opportunity Fund,Medium,Forward,1.42%,1.25%,-,17.01%,17.3%,127.507,2025-05-22,"1,640,830,000"
ABL Fixed Rate Plan IX,-,-,0.46%,0.25%,-,16.75%,12.35%,10.5006,2025-05-23,"2,806,000,000"
Alhamra Islamic Pension Fund,-,Forward,1.57%,1.15%,-,16.69%,19.83%,427.5,2025-05-23,"1,368,000,000"
AKD Islamic Income Fund,Medium,Forward,1.71%,1%,0.2%,16.56%,15.01%,58.4416,2025-05-23,"1,317,970,000"
UBL Fixed Return Plan I (O),-,-,0.13%,0.08%,-,16.49%,14.17%,107.142,2025-05-22,"2,121,740,000"
UBL Fixed Return Plan II (U),-,-,0.29%,0.19%,-,16.4%,13.71%,103.249,2025-05-22,"2,330,140,000"
JS Pension Savings Fund,-,Forward,1.56%,1%,-,16.29%,16.42%,548.177,2025-05-23,"228,300,000"
Alfalah GHP Islamic Pension Fund,Low,Forward,1.18%,0.6%,-,16.26%,14.88%,202.578,2025-05-23,"254,200,000"
MCB Pakistan Fixed Return Plan 23,-,-,1.05%,0.79%,-,16.19%,11.45%,104.611,2025-05-23,"8,559,210,000"
ABL Government Securities Fund,High,-,1.72%,1.25%,100%,16.08%,17.67%,11.7664,2025-05-23,"7,267,000,000"
Alfalah Stable Return Plan XV,-,-,0.48%,0.27%,-,16.02%,13.47%,106.866,2025-05-23,"1,714,540,000"
Faysal Islamic Sovereign Fund (Faysal Islamic Sovereign Plan I),Low,Forward,2.45%,2%,0.75%,15.82%,12.27%,111.666,2025-05-23,"2,228,630,000"
Alhamra Wada Plan (Alhamra Wada Plan XVII),-,-,0.2%,0.05%,-,15.81%,10.21%,101.65,2025-05-23,"2,688,470,000"
Alfalah GHP Islamic Income Fund,Medium,Forward,1.69%,1.3%,0.35%,15.78%,13.95%,116.193,2025-05-23,"3,698,460,000"
UBL Fixed Return Plan III (S),-,-,0.09%,0.1%,-,15.77%,13.7%,107.847,2025-05-22,"1,388,180,000"
Meezan Tahaffuz Pension Fund,-,Forward,0.71%,0.5%,3%,15.75%,14.96%,477.565,2025-05-23,"8,981,000,000"
AL Habib Pension Fund,-,-,1.44%,1.01%,1.01%,15.58%,17.61%,167.487,2025-05-22,"264,340,000"
UBL Fixed Return Plan II (Y),-,-,0.19%,0.14%,-,15.58%,12.38%,102.104,2025-05-21,"4,223,290,000"
MCB DCF Fixed Return Plan X,-,-,0.43%,0.25%,-,15.47%,15.47%,100.89,2025-05-23,-
MCB DCF Fixed Return II (Plan III),-,-,0.41%,0.23%,-,15.41%,13.93%,108.126,2025-05-23,"5,889,760,000"
HBL Mehfooz Munafa Fund Plan III,-,-,0.91%,0.4%,-,15.3%,17.39%,114.961,2025-05-20,"1,603,800,000"
Faysal Islamic Financial Growth Fund (Faysal Islamic Financial Growth Plan I),Medium,Forward,2.15%,2%,0.43%,15.25%,14.21%,113.024,2025-05-23,"8,408,850,000"
Alhamra Islamic Pension Fund,-,Forward,1.39%,1%,-,15.07%,18.09%,390.26,2025-05-23,"1,798,000,000"
Alfalah Stable Return Plan XII,-,-,0.98%,0.7%,0.33%,14.97%,14%,108.513,2025-05-23,"5,380,330,000"
Atlas Pension Fund,-,-,0.7%,0.4%,-,14.87%,18.25%,594.45,2025-05-23,"832,000,000"
Alfalah Pension Fund - II (Formerly: Faysal Pension Fund),-,Forward,1.01%,0.01%,-,14.82%,15.42%,166.644,2025-05-23,"8,610,000"
Faysal Islamic Pension Fund,-,Forward,0.98%,1.4%,0.65%,14.79%,16.11%,170.369,2025-05-23,"392,400,000"
HBL Islamic Income Fund,Medium,Forward,1.73%,1.36%,0.05%,14.78%,13.33%,116.113,2025-05-23,"15,660,000,000"
AL Habib Islamic Income Fund,-,-,1.44%,1.04%,1.03%,14.67%,14.13%,114.261,2025-05-22,"15,140,200,000"
HBL Total Treasury Exchange Traded Fund,-,-,1%,0.4%,1.03%,14.66%,17.66%,117.996,2025-05-26,"156,000,000"
JS Income Fund,Medium,Forward,2.07%,1%,0.2%,14.65%,14.73%,115.973,2025-05-23,"7,440,710,000"
AL Habib Fixed Return Fund Plan 21,-,-,0.21%,0.07%,0.06%,14.53%,11.94%,102.519,2025-05-22,"618,060,000"
AL Habib Government Securities Fund,-,-,1.75%,1.33%,1.33%,14.39%,15.88%,114.703,2025-05-22,"24,790,500,000"
Al Ameen Islamic Aggressive Income Fund,Medium,Forward,1.3%,1%,-,14.28%,25.81%,124.051,2025-05-22,"746,830,000"
ABL Fixed Rate Plan V,-,-,0.38%,0.2%,-,14.24%,18.15%,11.2932,2025-05-23,"3,490,000,000"
Al Ameen Islamic Income Fund,-,-,0.74%,1.5%,-,14.09%,17%,115.178,2025-05-22,"1,557,440,000"
Alfalah Stable Return Fund Plan XIX,-,-,0.91%,0.58%,-,14%,11.67%,102.271,2025-05-23,"1,013,760,000"
ABL Fixed Rate Plan X,-,-,0.22%,0.07%,0.07%,13.98%,12.08%,10.5459,2025-05-23,"7,300,000,000"
Al Ameen Islamic Retirement Savings Fund,-,-,1.58%,1%,-,13.92%,14.32%,342.477,2025-05-22,"2,100,990,000"
Askari Sovereign Yield Enhancer,-,-,2.03%,0.5%,0.4%,13.9%,14.99%,117.405,2025-05-23,"79,620,000"
Meezan Sovereign Fund,Moderate,-,1.58%,1.5%,0.26%,13.8%,12.84%,58.4106,2025-05-23,"32,995,500,000"
Alfalah Islamic KPK Employee Pension Fund,-,-,0.72%,-,-,13.7%,14.91%,121.488,2025-05-23,"65,570,000"
AL Habib Islamic Savings Fund,-,-,1.38%,1.01%,1%,13.61%,13.92%,112.879,2025-05-23,"18,306,400,000"
JS Fixed Term Munafa Fund (JS Fixed Term Munafa Plan XVII),-,-,0.43%,0.2%,0.3%,13.58%,13.58%,100.67,2025-05-23,-
UBL Fixed Return Plan III (X),-,-,0.22%,0.14%,-,13.56%,12.04%,100.59,2025-05-22,"457,290,000"
NBP Islamic Mahana Amdani Fund,-,-,1.48%,1.06%,0.5%,13.49%,14.46%,11.4396,2025-05-23,"14,459,000,000"
Meezan Daily Income Fund (Meezan Super Saver Plan) (MSSP),-,-,1.5%,1.5%,0.2%,13.44%,14.17%,56.0719,2025-05-23,"3,159,530,000"
Meezan Islamic Income Fund,Medium,Forward,1.61%,1.5%,0.25%,13.43%,13.52%,58.2082,2025-05-23,"28,064,100,000"
AL Habib GOKP Islamic Pension Fund,-,-,0.75%,0.22%,0.22%,13.4%,16.92%,123.403,2025-05-22,"47,140,000"
ABL Islamic Income Fund,Moderate,Forward,1.11%,0.55%,0.15%,13.37%,15.24%,11.6903,2025-05-23,"1,987,000,000"
MCB DCF Fixed Return Plan IX,-,-,0.14%,-,-,13.37%,12.69%,101.565,2025-05-23,"4,980,850,000"
Alfalah Cash Fund - II (Formerly: Faysal Cash Fund),-,-,0.4%,0.14%,0.02%,13.24%,14.7%,116.039,2025-05-24,"7,086,970,000"
MCB DCF Fixed Return III (Plan II),-,-,0.3%,0.14%,-,13.2%,17.8%,113.658,2025-05-23,"1,352,640,000"
Meezan GOKP Pension Fund,-,-,0.88%,0.3%,-,13.19%,19.66%,128.336,2025-05-23,"437,720,000"
NAFA Islamic Pension Fund,-,Forward,1.06%,0.74%,0.4%,13.18%,13.74%,275.374,2025-05-23,"3,928,000,000"
Alfalah GHP Income Fund,Medium,Forward,2.38%,1.74%,0.28%,13.17%,16.17%,130.564,2025-05-23,"2,365,910,000"
NBP Islamic Income Fund,Medium,Forward,1.81%,1.42%,0.59%,13.17%,14.14%,11.4052,2025-05-23,"8,594,000,000"
NAFA Islamic Pension Fund,-,Forward,1.46%,1.12%,0.5%,13.16%,14.11%,270.381,2025-05-23,"2,648,000,000"
Atlas Sovereign Fund,-,-,1.56%,1.2%,0.06%,13.14%,19.05%,119.636,2025-05-23,"3,787,000,000"
AL Habib Income Fund,-,-,1.74%,1.28%,1.28%,13.13%,15.88%,116.167,2025-05-22,"9,436,140,000"
Alfalah Islamic Sovereign Fund (Alfalah Islamic Sovereign Plan I),Medium,Forward,2.32%,1.04%,0.47%,13.09%,13.61%,100.291,2025-05-23,"3,808,850,000"
JS Fixed Term Munafa Fund II (JS Fixed Term Munafa Plan I),-,-,1.1%,0.2%,0.3%,13.04%,13.04%,100.607,2025-05-23,-
ABL Fixed Rate Plan XVI,-,-,0.27%,0.1%,-,13.02%,11.79%,10.2132,2025-05-23,"8,626,000,000"
ABL GOKP Pension Fund,-,-,0.15%,-,-,13%,16.3%,117.634,2025-05-23,"43,000,000"
JS Fixed Term Munafa Fund (JS Fixed Term Munafa Plan VI),-,-,0.9%,0.2%,0.3%,13%,17.99%,114.834,2025-05-23,"1,740,380,000"
HBL Income Fund,Medium,Forward,2.5%,2.15%,0.35%,12.87%,15.63%,129.191,2025-05-23,"5,029,000,000"
HBL Financial Sector Income Fund Plan I,Medium,Forward,1.75%,1.25%,0.1%,12.82%,15.37%,116.114,2025-05-23,"56,545,000,000"
HBL Cash Fund,-,-,0.8%,0.6%,-,12.81%,14.9%,117.016,2025-05-26,"78,258,000,000"
MCB DCF Fixed Return III (Plan I),-,-,0.75%,0.53%,-,12.81%,18.38%,115.812,2025-05-23,"1,032,860,000"
AWT Islamic Income Fund,Low,Forward,0.81%,0.5%,0.5%,12.76%,15.55%,120.215,2025-05-23,"55,951,400,000"
ABL Fixed Rate Plan XV,-,-,0.22%,0.22%,-,12.7%,12.49%,10.0992,2025-05-23,"3,936,000,000"
Atlas Income Fund,Medium,Forward,1.91%,1.5%,0.1%,12.7%,17.01%,607.869,2025-05-23,"8,654,000,000"
Alfalah GHP Pension Fund,Low,Forward,1.06%,0.48%,0.24%,12.66%,14.56%,231.431,2025-05-23,"339,410,000"
ABL Money Market Plan I,-,-,1.54%,1.25%,0.75%,12.64%,18.74%,11.3651,2025-05-26,"4,475,000,000"
AWT Income Fund,-,-,2.01%,1%,0.5%,12.62%,17.03%,127.541,2025-05-23,"1,791,230,000"
AL Habib Fixed Return Fund Plan 18,-,-,0.28%,0.12%,0.12%,12.62%,11.67%,102.749,2025-05-22,"9,009,590,000"
AL Habib Fixed Return Fund Plan 15,-,-,0.22%,0.05%,0.05%,12.6%,13.86%,108.315,2025-05-22,"550,110,000"
Alfalah Stable Return Plan XIII,-,-,0.95%,0.7%,-,12.58%,13.64%,108.033,2025-05-23,"4,296,460,000"
AL Habib Fixed Return Fund Plan 16,-,-,0.36%,0.19%,0.19%,12.58%,17.46%,112.769,2025-05-22,"9,003,750,000"
Al Ameen Islamic Aggressive Income Plan I,-,-,1.71%,0.6%,-,12.56%,16.54%,124.791,2025-05-22,"4,000,000"
Alfalah Stable Return Fund Plan XVII,-,-,0.55%,0.35%,-,12.54%,11.26%,102.653,2025-05-23,"7,420,050,000"
Meezan Tahaffuz Pension Fund,-,Forward,0.7%,0.5%,3%,12.53%,15.76%,473.22,2025-05-23,"14,488,300,000"
ABL Islamic Pension Fund,-,Forward,0.02%,1.25%,-,12.52%,11.71%,208.602,2025-05-23,"100,000,000"
UBL Fixed Return Plan I (R),-,-,-745.84%,0.08%,-,12.52%,7.7%,103.227,2025-05-22,"471,420,000"
Alfalah Stable Return Fund Plan XVI,-,-,0.48%,0.11%,-,12.51%,11.47%,105.09,2025-05-23,"1,401,050,000"
NBP GoKP Islamic Pension Fund,-,-,0.9%,0.3%,-,12.51%,17.98%,125.912,2025-05-23,"325,000,000"
ABL Islamic Sovereign Plan I,-,-,0.94%,0.55%,-,12.49%,14.41%,11.204,2025-05-23,"1,817,000,000"
Pak Qatar Monthly Income Plan,-,-,1.56%,0.85%,0.5%,12.48%,15.76%,102.718,2025-05-23,"827,180,000"
Pak Qatar Islamic Pension Fund,-,-,2.08%,1.25%,0.75%,12.43%,15.96%,149.812,2025-05-23,"65,630,000"
UBL Fixed Return Plan IV (N),-,-,0.28%,0.23%,-,12.43%,13.39%,102.824,2025-05-22,"4,040,380,000"
JS Fixed Term Munafa Fund II (JS Fixed Term Munafa Plan II),-,-,0.92%,0.2%,0.3%,12.41%,12.41%,100.578,2025-05-23,-
Meezan Daily Income Fund (MDIP I),Moderate,Forward,1.5%,1.15%,0.2%,12.37%,13.72%,50,2025-05-23,"37,015,400,000"
Alfalah Money Market Fund - II (Formerly: Faysal Money Market Fund),Low,Backward,1.08%,0.26%,0.09%,12.3%,14.59%,116.566,2025-05-24,"714,150,000"
Alfalah GHP Cash Fund,Low,Backward,1.83%,1.23%,0.33%,12.28%,14.71%,570.644,2025-05-23,"3,902,130,000"
ABL Pension Fund,-,Forward,0.02%,1%,-,12.24%,14.62%,258.88,2025-05-23,"540,000,000"
AL Habib GOKP Pension Fund,-,-,0.76%,0.23%,0.23%,12.22%,18.58%,125.703,2025-05-22,"49,060,000"
JS Pension Savings Fund,-,Forward,0.87%,0.5%,-,12.21%,15.12%,448.645,2025-05-23,"576,280,000"
UBL Fixed Return Plan II (X),-,-,0.4%,0.4%,-,12.21%,11.44%,104.011,2025-05-22,"723,390,000"
HBL Pension Fund,-,Forward,1.53%,1.15%,-,12.17%,15.31%,336.638,2025-05-23,"1,437,110,000"
Lakson Money Market Fund,Low,Backward,1.08%,0.25%,-,12.15%,15.43%,117.144,2025-05-26,"34,175,000,000"
Pak Qatar Khalis Bachat Plan,-,-,2.33%,1.5%,0.75%,12.11%,14.42%,114.081,2025-05-23,"355,870,000"
MCB KPK Govt Employees Pension Fund,-,-,1.13%,0.6%,-,12.11%,18.62%,126.887,2025-05-23,"76,710,000"
Pakistan Pension Fund,-,Forward,1.52%,1.15%,-,12.1%,15.38%,504.76,2025-05-23,"2,211,040,000"
MCB DCF Fixed Return Plan VII,-,-,0.29%,0.13%,-,12.09%,11.52%,102.209,2025-05-21,"2,667,790,000"
Alfalah Islamic Sovereign Fund (Alfalah Islamic Sovereign Plan III),-,-,0.62%,0.31%,0.09%,12.08%,10.14%,107.612,2025-05-23,"6,253,830,000"
Alfalah MTS Fund (Formerly: Faysal MTS Fund),-,-,0.97%,0.2%,0.4%,12.05%,12.67%,115.19,2025-05-23,"414,800,000"
ABL Fixed Rate Plan XIV,-,-,0.59%,0.25%,-,12.03%,12.06%,10.1289,2025-05-23,"9,860,000,000"
UBL Fixed Return Plan I (W),-,-,0.14%,0.08%,-,12.03%,12.13%,104.189,2025-05-14,"5,021,170,000"
NIT Money Market Fund,Low,Backward,0.79%,0.56%,0.55%,12.01%,15.67%,11.0961,2025-05-26,"50,326,000,000"
Atlas Pension Fund,-,-,0.63%,0.35%,-,11.98%,16.18%,551.58,2025-05-24,"1,237,000,000"
NBP GoKP Pension Fund,-,-,0.96%,0.35%,-,11.95%,18.97%,127.344,2025-05-23,"172,000,000"
NBP Government Securities Liquid Fund,-,-,1.39%,1.1%,0.3%,11.91%,15.23%,11.6906,2025-05-23,"11,312,000,000"
AL Habib Money Market Fund,-,-,1.62%,1.21%,1.21%,11.86%,14.77%,113.188,2025-05-23,"41,291,600,000"
UBL Voluntary Pension Fund KPK,-,-,0.8%,0.6%,-,11.86%,18.44%,126.517,2025-05-22,"61,360,000"
AL Habib Cash Fund,-,-,1.66%,1.24%,1.24%,11.84%,14.89%,115.321,2025-05-23,"100,121,000,000"
NBP Money Market Fund,Low,Forward,1.41%,1.1%,0.34%,11.83%,15.24%,11.3751,2025-05-23,"99,029,000,000"
HBL Money Market Fund,Low,Backward,2.16%,1.75%,0.42%,11.81%,14.28%,116.754,2025-05-26,"45,808,000,000"
NBP Financial Sector Income Fund,Medium,Forward,1.57%,1.21%,0.46%,11.81%,15.26%,12.1127,2025-05-23,"62,752,000,000"
Faysal Islamic Mustakil Munafa Fund (Faysal Islamic Mehdood Muddat Plan VI),-,-,0.09%,0.57%,-,11.79%,11.79%,100.226,2025-05-23,-
NBP Cash Plan II,-,-,0.2%,0.08%,0.61%,11.77%,15.31%,10,2025-05-23,"10,135,000,000"
ABL Cash Fund,Low,Backward,1.55%,0.9%,100%,11.72%,15.15%,11.6367,2025-05-26,"69,583,000,000"
AL Habib Islamic Pension Fund,-,-,1.44%,1.01%,1.01%,11.72%,10.47%,152.769,2025-05-22,"241,150,000"
NBP Cash Plan I,-,-,0.19%,0.01%,1.3%,11.69%,15.12%,11.4313,2025-05-23,"3,343,000,000"
Atlas Pension Islamic Fund,-,-,0.71%,0.4%,-,11.68%,15.35%,435.37,2025-05-23,"1,220,000,000"
Atlas Liquid Fund,-,-,1.12%,0.85%,0.03%,11.66%,15.5%,569.425,2025-05-24,"9,980,000,000"
UBL Fixed Return Plan II (M),-,-,0.79%,1.6%,-,11.63%,16.17%,113.812,2025-05-22,"2,489,300,000"
NAFA Pension Fund,-,Forward,1.39%,1.07%,0.5%,11.62%,15.06%,308.861,2025-05-23,"4,220,000,000"
Atlas Money Market Fund,Low,Forward,1.01%,0.75%,0.03%,11.61%,15.45%,581.789,2025-05-23,"40,100,000,000"
Meezan Paidaar Munafa Plan XIV,-,-,0.3%,0.14%,0.18%,11.61%,10.84%,51.6179,2025-05-22,"7,925,880,000"
UBL Fixed Return Plan IV (O),-,-,0.97%,0.92%,-,11.56%,9.56%,101.885,2025-05-22,"3,291,420,000"
NBP Fixed Term Munafa Plan VIII,-,-,0.75%,0.53%,-,11.54%,0%,10,2025-05-23,"11,091,000,000"
UBL Special Savings Plan V,-,-,1.99%,1.75%,-,11.54%,16.53%,105.515,2025-05-22,"360,800,000"
AKD Islamic Stock Fund,High,Forward,7.35%,2.6%,-,11.53%,50.87%,88.7048,2025-05-23,"374,820,000"
HBL Mehfooz Munafa Fund Plan VIII,-,-,0.21%,0.06%,-,11.5%,11.5%,100.725,2025-05-23,"9,742,000,000"
UBL Fixed Return Plan III (W),-,-,0.39%,0.31%,-,11.48%,11.03%,102.508,2025-05-15,"975,480,000"
JS Money Market Fund,-,-,1.36%,0.5%,1.07%,11.41%,15.39%,119.617,2025-05-26,"1,184,260,000"
JS Cash Fund,-,-,1.34%,0.5%,0.15%,11.4%,15.09%,119.334,2025-05-26,"19,480,600,000"
Meezan Daily Income Fund (Meezan Munafa Plan I),-,-,1.4%,0.8%,0.18%,11.4%,13.18%,56.1678,2025-05-23,"7,735,090,000"
Alfalah GHP Money Market Fund,Low,Forward,1.32%,0.96%,0.26%,11.39%,15.15%,112.368,2025-05-23,"97,005,300,000"
AKD Cash Fund,Low,Forward,1.3%,1%,-,11.36%,15.07%,58.5128,2025-05-23,"1,851,470,000"
NBP Income Plan I,-,-,0.21%,0.02%,3%,11.35%,15.15%,10.1931,2025-05-23,"454,000,000"
Atlas KPK Islamic Pension Fund,-,-,0.93%,0.02%,-,11.35%,17.54%,125.33,2025-05-23,"46,000,000"
UBL Fixed Return Plan I (T),-,-,0.29%,0.16%,-,11.32%,11.64%,104.881,2025-05-22,"2,644,280,000"
Faysal Islamic Financial Growth Plan II,-,-,0.61%,1.08%,-,11.3%,15.29%,101.421,2025-05-23,"9,023,460,000"
UBL Liquidity Plus Fund,-,-,1.27%,1.19%,-,11.29%,15.04%,115.038,2025-05-23,"23,884,200,000"
MCB Cash Management Optimizer,-,-,1.37%,0.95%,0.3%,11.22%,15.3%,116.115,2025-05-26,"108,640,000,000"
Alhamra Wada Plan (Alhamra Wada Plan XVIII),-,-,0.17%,0.03%,-,11.21%,11.46%,101.79,2025-05-23,"7,288,840,000"
UBL Fixed Return Plan IV (L),-,-,0.19%,0.14%,-,11.21%,11.73%,102.7,2025-05-22,"6,517,310,000"
Alfalah Financial Sector Opportunity Fund (Formerly: Faysal Financial Sector Opportunity Fund),Medium,Forward,1.09%,1%,0.2%,11.2%,12.55%,113.42,2025-05-23,"507,810,000"
Faysal Islamic Mustakil Munafa Fund (Faysal Islamic Mehdood Muddat Plan III),-,-,0.12%,0.14%,-,11.16%,11.28%,102.688,2025-05-23,"18,354,800,000"
Lakson Islamic Money Market Fund,-,-,0.55%,1%,-,11.13%,13.74%,113.485,2025-05-26,"3,103,000,000"
JS KPK Pension Fund,-,-,0.24%,-,-,11.13%,9.81%,127.249,2025-05-23,"57,470,000"
NBP Mahana Amdani Fund,-,-,1.69%,1.13%,0.34%,11.13%,15%,11.6581,2025-05-23,"11,242,000,000"
Faysal Islamic Mustakil Munafa Fund (Faysal Islamic Mehdood Muddat Plan IV),-,-,0.19%,0.31%,-,11.09%,11.23%,102.153,2025-05-23,"10,117,600,000"
Faysal Islamic Mustakil Munafa Fund (Faysal Islamic Mehdood Muddat Plan V),-,-,0.18%,0.42%,-,11.06%,10.92%,101.735,2025-05-23,"14,890,300,000"
AL Habib Islamic Pension Fund,-,-,1.41%,1.01%,1.01%,11.02%,14.72%,155.374,2025-05-22,"180,170,000"
AKD Opportunity Fund,High,Forward,4.27%,3.4%,0.1%,11.01%,40.5%,154.99,2025-05-23,"687,440,000"
Alfalah Pension Fund - II (Formerly: Faysal Pension Fund),-,Forward,1.19%,0.01%,-,11%,14.32%,161.898,2025-05-23,"2,130,000"
AL Habib Islamic Cash Fund,-,-,1.27%,0.94%,0.96%,11%,13.83%,112.353,2025-05-23,"28,356,200,000"
Meezan Paidaar Munafa Plan XVIII,-,-,0.29%,0.13%,-,10.97%,11%,50.4519,2025-05-22,"21,947,800,000"
786 Islamic Money Market Fund,-,-,2.53%,0.5%,-,10.94%,6.22%,103.596,2025-05-21,"157,010,000"
Meezan Paidaar Munafa Plan XVI,-,-,0.25%,0.1%,-,10.94%,11.07%,50,2025-05-19,"26,643,500,000"
NBP Savings Fund,-,-,1.23%,1.01%,0.1%,10.93%,15.2%,11.2423,2025-05-24,"14,483,000,000"
AWT Islamic Money Market Fund (Formerly: AWT Money Market Fund),-,-,1.26%,0.5%,-,10.93%,11%,120.942,2025-05-23,"1,903,480,000"
Meezan Paidaar Munafa Plan XVII,-,-,0.29%,0.13%,-,10.92%,11.04%,50.862,2025-05-22,"10,814,000,000"
Atlas Islamic Income Fund,Medium,Forward,0.88%,0.6%,0.01%,10.91%,14.95%,580.645,2025-05-23,"3,703,000,000"
Meezan Paidaar Munafa Plan XV,-,-,0.27%,0.11%,-,10.91%,11.13%,51.3108,2025-05-22,"22,997,000,000"
Alhamra Wada Plan (Alhamra Wada Plan XIX),-,-,0.55%,0.36%,-,10.9%,11.17%,101.193,2025-05-23,"6,545,960,000"
AL Habib Pension Fund,-,-,1.43%,1.01%,1.01%,10.89%,15.32%,163.289,2025-05-22,"334,300,000"
ABL Islamic Money Market Plan I,-,-,0.76%,0.55%,-,10.85%,16.96%,11.2751,2025-05-26,"25,227,000,000"
UBL Fixed Return Plan II (V),-,-,0.23%,0.18%,-,10.85%,12.03%,105.373,2025-05-22,"837,230,000"
UBL Money Market Fund,Low,Backward,1.16%,0.9%,-,10.81%,15.06%,114.501,2025-05-23,"62,010,000,000"
Al Ameen Islamic Cash Fund,-,-,0.8%,0.54%,-,10.78%,14.09%,113.904,2025-05-23,"27,771,000,000"
NIT Islamic Money Market Fund,Low,Backward,0.81%,0.56%,0.57%,10.76%,14.28%,114.012,2025-05-26,"12,200,000,000"
NBP Islamic Daily Dividend Fund,-,-,1.05%,0.76%,0.47%,10.75%,14.41%,10,2025-05-24,"9,566,000,000"
JS Microfinance Sector Fund,-,-,1.49%,1.25%,0.7%,10.75%,15.64%,115.85,2025-05-23,"9,597,560,000"
HBL Islamic Pension Fund,-,Forward,0.98%,0.75%,-,10.72%,14.33%,293.172,2025-05-23,"962,780,000"
Lucky Islamic Money Market Fund,-,-,0.13%,0.65%,-,10.7%,10.69%,101.318,2025-05-24,"55,555,800,000"
Mahaana Islamic Cash Fund,-,-,0.68%,0.35%,-,10.7%,14.16%,119.838,2025-05-24,"2,055,840,000"
ABL Financial Sector Fund Plan I,-,-,1.58%,1.25%,0.15%,10.7%,15.3%,11.3826,2025-05-23,"32,542,000,000"
HBL Financial Sector Income Fund Plan II,-,-,0.4%,0.21%,-,10.69%,17.57%,100,2025-05-23,"139,710,000"
Lucky Islamic Income Fund,-,-,0.07%,0.13%,-,10.65%,10.68%,100.819,2025-05-23,"1,002,000,000"
Pak Oman Advantage Islamic Income Fund,Medium,Forward,2.03%,0.7%,-,10.63%,11.21%,58.8114,2025-05-23,"106,170,000"
HBL Islamic Money Market Fund,Low,Backward,1.06%,0.6%,0.04%,10.62%,14.12%,114.034,2025-05-26,"80,921,000,000"
UBL Cash Fund,-,-,1.26%,1.19%,-,10.61%,14.88%,113.528,2025-05-23,"26,506,700,000"
Askari Cash Fund,-,-,1.37%,0.9%,-,10.57%,14.34%,116.778,2025-05-26,"391,510,000"
Alfalah Islamic Money Market Fund,Low,Backward,1.25%,0.56%,0.21%,10.57%,14.4%,113.151,2025-05-23,"63,469,900,000"
Atlas Islamic Cash Fund,-,-,0.65%,0.35%,0.01%,10.56%,14.21%,500.186,2025-05-23,"1,234,000,000"
NBP Islamic Money Market Fund,Low,Forward,1.03%,0.76%,0.47%,10.55%,14.39%,11.4762,2025-05-24,"41,625,000,000"
UBL Fixed Return Plan IV (G),-,-,1%,1.6%,-,10.54%,13.83%,110.646,2025-05-22,"69,820,000"
Alhamra Cash Management Optimizer,-,-,1.08%,0.6%,0.3%,10.51%,14.59%,113.33,2025-05-26,"36,637,500,000"
Alfalah Islamic Rozana Amdani Fund,Low,Forward,1.66%,0.64%,0.3%,10.48%,14.16%,100,2025-05-23,"10,627,100,000"
Alfalah Financial Sector Income Fund,Medium,Forward,1.27%,0.9%,0.23%,10.46%,14.7%,113.44,2025-05-23,"11,112,900,000"
Atlas Islamic Money Market Fund,Low,Forward,0.67%,0.45%,0.01%,10.45%,14.46%,569.049,2025-05-23,"6,162,000,000"
MCB Investment Savings Plan I,-,-,1.86%,0.85%,-,10.39%,19.51%,115.467,2025-05-23,"20,246,700,000"
Pak Qatar Cash Plan,-,-,0.89%,0.45%,0.5%,10.31%,14.56%,113.816,2025-05-24,"5,559,300,000"
Al Ameen Islamic Retirement Savings Fund,-,-,1.56%,1%,-,10.23%,15.37%,333.319,2025-05-22,"3,987,770,000"
Pakistan Cash Management Fund,-,-,1.51%,0.95%,0.27%,10.22%,15.08%,50.4678,2025-05-23,"7,936,000,000"
UBL Retirement Saving Fund,-,-,1.49%,1.4%,-,10.19%,14.58%,389.379,2025-05-22,"2,865,750,000"
Meezan Cash Fund,Low,Forward,1.29%,1%,0.18%,10.15%,13.64%,57.5412,2025-05-23,"246,563,000,000"
AWT Islamic Pension Fund,-,-,-,0.5%,-,10.15%,12.5%,101.575,2025-05-23,"55,180,000"
JS Islamic Money Market Fund (Formerly: JS Islamic Daily Dividend Fund),-,-,0.64%,0.25%,1%,10.09%,14.31%,108.652,2025-05-26,"4,384,050,000"
JS KPK Islamic Pension Fund,-,-,0.22%,-,-,10.07%,9.36%,126.069,2025-05-23,"137,660,000"
HBL KPK Pension Fund,-,-,0.44%,-,-,10.03%,17.61%,125.379,2025-05-23,"55,890,000"
Pak Qatar Daily Dividend Plan,-,-,1.35%,0.45%,0.5%,10.01%,14.25%,100,2025-05-24,"1,679,160,000"
AWT Islamic Pension Fund,-,-,-,1.5%,-,9.99%,11.85%,101.494,2025-05-23,"50,460,000"
Atlas Pension Islamic Fund,-,-,0.65%,0.35%,-,9.95%,13.96%,462.18,2025-05-23,"1,748,000,000"
NBP Riba Free Savings Fund,-,-,0.96%,0.72%,0.1%,9.89%,14.1%,11.6475,2025-05-23,"12,740,000,000"
Pak Oman Micro Finance Fund,-,-,0.56%,0.35%,-,9.8%,15.71%,113.343,2025-05-23,"110,940,000"
Alfalah Stock Fund - II (Formerly: Faysal Stock Fund),High,Forward,3.66%,2.16%,0.3%,9.78%,63.76%,66.05,2025-05-23,"109,680,000"
ABL GOKP Islamic Pension Fund,-,-,0.12%,-,-,9.74%,11.45%,112.389,2025-05-23,"43,000,000"
NBP Islamic Savings Fund,-,-,1.16%,1.14%,0.1%,9.68%,13.96%,10.7856,2025-05-24,"13,462,000,000"
UBL Fixed Return Plan III (T),-,-,0.81%,0.75%,-,9.64%,0%,106.706,2025-05-22,"63,280,000"
Al Ameen Islamic Cash Plan I,-,-,0.8%,0.6%,-,9.63%,14.17%,112.813,2025-05-23,"9,248,000,000"
Alhamra Daily Dividend Fund,-,-,1.72%,1.2%,0.42%,9.58%,13.19%,100,2025-05-23,"1,940,200,000"
Meezan Rozana Amdani Fund,Low,-,1.35%,1.1%,0.19%,9.57%,13.95%,50,2025-05-23,"41,638,700,000"
AKD Islamic Daily Dividend Fund,-,-,1.03%,0.25%,0.25%,9.55%,17.93%,50,2025-05-24,"222,480,000"
Lakson Tactical Fund,-,-,3.05%,2%,-,9.51%,34.79%,123.391,2025-05-23,"586,000,000"
HBL Islamic Savings Plan I,-,-,2%,1.6%,0.01%,9.45%,20.32%,111.96,2025-05-23,"7,306,000,000"
JS Islamic Income Fund,Medium,Forward,1.57%,0.5%,0.5%,9.45%,13.03%,118.787,2025-05-23,"1,809,950,000"
Alhamra Islamic Money Market Fund,Low,Backward,1.28%,0.95%,0.18%,9.43%,14.2%,99.51,2025-05-23,"4,501,290,000"
ABL Islamic Cash Fund,-,-,0.81%,0.55%,0.08%,9.29%,14.32%,10.0773,2025-05-26,"13,072,000,000"
Pak-Qatar Asset Allocation Plan III (PQAAP IIIA),-,-,0.91%,0.5%,-,9.23%,45.97%,145.971,2025-05-23,"8,085,070,000"
JS Islamic Pension Savings Fund,-,Forward,0.94%,0.5%,-,9.2%,16.93%,384.688,2025-05-23,"184,420,000"
786 Smart Fund,Medium,Forward,2.34%,1.5%,-,9.17%,41.98%,94.8142,2025-05-22,"1,456,910,000"
Faysal Halal Amdani Fund,Low,Backward,1.86%,1.6%,0.2%,9.11%,13.37%,104.304,2025-05-24,"46,430,100,000"
Faysal Islamic KPK Government Pension Fund,-,-,1.37%,0.6%,0.25%,9.11%,15.61%,122.238,2025-05-23,"38,190,000"
Faysal Islamic Cash Fund,Low,Backward,0.97%,1.68%,0.14%,9.1%,14.52%,113.006,2025-05-24,"84,758,700,000"
Faysal Islamic Special Income Plan III,-,-,0.87%,1.38%,-,9.09%,17.41%,113.335,2025-05-24,"19,776,400,000"
Pak Qatar Asan Munafa Plan,-,-,1.8%,0.95%,0.5%,9.08%,13.43%,112.731,2025-05-24,"228,660,000"
MCB Alhamra KPK Govt Employees Pension Fund,-,-,1.13%,0.6%,-,8.93%,17.38%,125.101,2025-05-23,"497,280,000"
NBP Financial Sector Fund,High,Forward,3.46%,1.5%,2.05%,8.9%,49.23%,20.1424,2025-05-23,"264,000,000"
Golden Arrow Stock Fund,High,Forward,4.54%,3.4%,0.35%,8.9%,44.33%,27.3026,2025-05-23,"2,318,980,000"
Al Ameen Islamic Fixed Term Plan I (M),-,-,0.09%,0.1%,-,8.9%,12.65%,100,2025-05-22,"318,290,000"
NBP Stock Fund,High,Forward,5%,3.99%,1.3%,8.7%,59.37%,34.1265,2025-05-23,"34,520,000,000"
AWT Financial Sector Income Fund,-,-,2.22%,1.5%,-,8.54%,14.06%,112.958,2025-05-23,"373,800,000"
Meezan Daily Income Fund (Meezan Mahana Munafa Plan),-,-,2.44%,1.5%,0.32%,8.5%,11.31%,50,2025-05-23,"2,723,910,000"
NAFA Pension Fund,-,Forward,2.17%,1.5%,-,8.5%,65.53%,972.236,2025-05-23,"1,717,000,000"
Meezan Pakistan ETF,-,-,1.73%,0.5%,-,8.45%,29.94%,17.5695,2025-05-23,"271,000,000"
NAFA Islamic Pension Fund,-,Forward,2.19%,1.5%,1.8%,8.35%,59.41%,883.634,2025-05-23,"2,390,000,000"
UBL Financial Sector Fund,High,Forward,3.8%,3%,-,8.35%,57.76%,238.329,2025-05-22,"1,705,580,000"
NBP Pakistan Growth Exchange Traded Fund,High,Backward,1.53%,0.27%,-,8.33%,48.72%,23.6511,2025-05-24,"13,000,000"
NBP Sarmaya Izafa Fund,-,-,4.6%,3.33%,0.63%,8.24%,53.36%,33.6696,2025-05-23,"717,000,000"
JS Islamic Pension Savings Fund,-,Forward,1.93%,1%,-,8.19%,12.25%,398.692,2025-05-23,"63,980,000"
Al Ameen Voluntary Pension Fund KPK,-,-,0.98%,0.6%,-,8.1%,14.96%,121.512,2025-05-22,"87,570,000"
ABL Islamic Pension Fund,-,Forward,0.03%,1.5%,-,8.09%,51.51%,455.572,2025-05-23,"166,000,000"
UBL Retirement Saving Fund,-,-,1.76%,1.5%,-,8.03%,70.3%,2413.44,2025-05-22,"2,599,840,000"
NBP Islamic Stock Fund,High,Forward,4.64%,3.58%,0.88%,8.02%,57.43%,21.7723,2025-05-23,"7,210,000,000"
HBL Investment Fund-Class A,High,Forward,1.41%,1%,2%,7.99%,117.77%,15.4754,2025-05-23,"4,071,620,000"
ABL Islamic Pension Fund,-,Forward,0.02%,1%,-,7.94%,13.41%,210.885,2025-05-23,"230,000,000"
NBP Islamic Sarmaya Izafa Fund,-,-,4.41%,3.33%,0.63%,7.89%,43.49%,29.5468,2025-05-23,"1,512,000,000"
MCB Pakistan Stock Market Fund,High,Forward,4.92%,3.48%,0.3%,7.85%,61.76%,244.168,2025-05-23,"14,940,000,000"
ABL Pension Fund,-,Forward,0.02%,1.5%,3%,7.74%,58.27%,452.12,2025-05-23,"209,000,000"
Pak Oman Income Fund,Medium,Forward,1.82%,1.1%,0.4%,7.73%,12.51%,12.106,2025-05-23,"264,110,000"
HBL Growth Fund-Class A,-,-,1.89%,1%,-,7.73%,116.62%,43.2115,2025-05-22,"11,371,000,000"
Al Ameen Islamic Energy Fund,-,Forward,4.35%,3%,-,7.73%,70.87%,275.189,2025-05-22,"3,693,580,000"
UBL Stock Advantage Fund,High,Forward,4.08%,3.5%,-,7.69%,60.94%,203.23,2025-05-22,"18,126,500,000"
Pak Oman Advantage Asset Allocation Fund,High,Forward,4.27%,2%,0.4%,7.68%,37.8%,55.1447,2025-05-23,"171,690,000"
NBP Islamic Energy Fund,High,Forward,4.56%,3.2%,1.4%,7.66%,60.52%,22.9121,2025-05-23,"4,044,000,000"
Pak Oman Islamic Asset Allocation Fund,High,Forward,4.58%,2%,0.4%,7.64%,34.07%,52.6139,2025-05-23,"153,760,000"
UBL Asset Allocation Fund,Medium,Forward,1.88%,1%,-,7.57%,43.55%,272.791,2025-05-22,"1,133,010,000"
KSE Meezan Index Fund,High,Forward,2.12%,1%,0.44%,7.5%,39.45%,141.601,2025-05-23,"5,287,690,000"
Pakistan Pension Fund,-,Forward,2.34%,1.5%,-,7.44%,61.65%,1550.44,2025-05-23,"2,509,040,000"
Meezan Daily Income Fund (Meezan Sehl Account Plan) (MSHP),-,-,1.47%,1.5%,0.2%,7.39%,10.66%,55.1866,2025-05-24,"153,010,000"
ABL Islamic Dedicated Stock Fund,High,Forward,4.46%,0.02%,0.75%,7.36%,44.61%,14.1188,2025-05-23,-
Pak Oman Daily Dividend Fund,-,-,1.45%,0.1%,-,7.35%,11.01%,10,2025-05-26,"70,040,000"
UBL Pakistan Enterprise Exchange Traded Fund,High,Backward,1.44%,0.65%,2.41%,7.32%,55.93%,26.9579,2025-05-23,"81,640,000"
Alhamra Opportunity Fund (Dividend Strategy Plan),-,-,5.05%,3.48%,0.3%,7.31%,27.72%,150.672,2025-05-23,"613,050,000"
Atlas Pension Islamic Fund,-,-,2.48%,1.95%,-,7.29%,55.98%,1992.59,2025-05-23,"1,313,000,000"
ABL Islamic Stock Fund,High,Forward,4.52%,3.5%,1.4%,7.26%,48.17%,26.6896,2025-05-23,"2,808,000,000"
JS Momentum Factor Exchange Traded Fund,High,Backward,2.55%,5.15%,-,7.19%,63.93%,11.2945,2025-05-26,"491,040,000"
HBL Islamic Pension Fund,-,Forward,2.09%,1%,-,7.13%,62.02%,911.931,2025-05-23,"301,310,000"
Atlas Islamic Dedicated Stock Fund,-,-,3.75%,3.45%,-,7.03%,50.55%,1265.3,2025-05-23,"193,000,000"
Al Ameen Shariah Stock Fund,High,Forward,4.08%,3.5%,-,7.02%,56.61%,381.83,2025-05-22,"18,815,900,000"
Atlas Pension Fund,-,-,1.67%,1.25%,-,7%,54.31%,1673.16,2025-05-23,"1,508,000,000"
Pak Qatar Islamic Pension Fund,-,-,2.42%,1.5%,0.5%,6.99%,37.16%,228.171,2025-05-23,"29,040,000"
Atlas Islamic Stock Fund,High,Forward,3.58%,3.45%,0.14%,6.95%,51.54%,1250.04,2025-05-23,"9,265,000,000"
AL Habib Stock Fund,High,Forward,3.52%,2%,2%,6.94%,72.23%,172.246,2025-05-22,"3,649,520,000"
HBL Islamic Asset Allocation Fund,Medium,Forward,4.89%,3%,0.5%,6.93%,48.42%,254.037,2025-05-23,"517,000,000"
HBL Investment Fund-Class B,-,-,4.5%,3.7%,-,6.91%,40.42%,14.5546,2025-05-23,"880,560,000"
Al Ameen Islamic Retirement Savings Fund,-,-,2%,1.5%,-,6.84%,65.14%,2092.47,2025-05-22,"2,977,260,000"
Mahaana Islamic Index Exchange Traded Fund,-,-,1.06%,0.5%,-,6.8%,33.01%,15.23,2025-05-22,"245,850,000"
Alhamra Islamic Stock Fund,High,Forward,4.96%,3.48%,0.3%,6.77%,50.17%,22.72,2025-05-23,"5,526,000,000"
Alhamra Islamic Pension Fund,-,Forward,2.59%,1.5%,-,6.76%,51.12%,1534.63,2025-05-23,"1,899,000,000"
AKD Index Tracker Fund,High,Forward,1.67%,1.1%,0.1%,6.71%,47.63%,30.9044,2025-05-23,"1,161,920,000"
Alfalah GHP Prosperity Planning Fund (Alfalah GHP Active Allocation Plan),High,Forward,0.26%,1.2%,-,6.71%,56.85%,146.169,2025-05-22,"107,240,000"
HBL Islamic Equity Fund,High,Forward,4.2%,3%,1.05%,6.7%,40.13%,156.143,2025-05-23,"1,353,000,000"
Atlas Stock Market Fund,High,Forward,3.57%,3.45%,0.14%,6.68%,53.86%,1560.03,2025-05-23,"27,149,000,000"
Pak Qatar Islamic Stock Fund,-,-,5.38%,2.1%,0.5%,6.67%,19.6%,208.699,2025-05-23,"969,710,000"
Alfalah GHP Dedicated Equity Fund,High,Forward,4.77%,3.22%,-,6.64%,62.34%,160.769,2025-05-23,-
MCB Pakistan Opportunity Fund (MCB Pakistan Dividend Yield Plan),-,-,4.99%,3.48%,-,6.64%,43.68%,248.839,2025-05-23,"986,870,000"
Faysal Islamic Stock Fund II,-,-,2.01%,0.5%,-,6.61%,-3.18%,96.8191,2025-05-23,"125,510,000"
AWT Islamic Pension Fund,-,-,-,2%,-,6.6%,-0.27%,99.7301,2025-05-23,"51,780,000"
First Capital Mutual Fund,High,Forward,3.66%,2%,-,6.53%,40.47%,13.6314,2025-05-23,"167,550,000"
NBP Balanced Fund,High,Forward,4.87%,3.7%,1%,6.52%,45.09%,35.6774,2025-05-23,"1,352,000,000"
AL Habib Islamic Pension Fund,-,-,2.23%,1.01%,1.01%,6.42%,69.54%,363.676,2025-05-22,"154,780,000"
Allied Finergy Fund,-,-,4.75%,2%,0.9%,6.37%,44.88%,13.6835,2025-05-23,"107,000,000"
Faysal Islamic Pension Fund,Investor Dependent,Forward,2.74%,1.5%,0.2%,6.34%,53.67%,266.573,2025-05-23,"107,040,000"
AL Habib Islamic Stock Fund,High,Forward,3.53%,2%,2%,6.31%,65.62%,165.909,2025-05-22,"5,936,490,000"
Alfalah GHP Islamic Dedicated Equity Fund,High,Forward,4.99%,2.8%,-,6.3%,45.44%,91.7753,2025-05-23,-
Alfalah GHP Islamic Pension Fund,-,Forward,4.53%,3.25%,-,6.28%,55.7%,246.361,2025-05-23,"144,120,000"
Askari High Yield Scheme,-,-,2.3%,1.5%,0.4%,6.28%,12.24%,115.648,2025-05-23,"314,370,000"
AWT Islamic Stock Fund,High,Forward,4.51%,2%,0.5%,6.25%,50.53%,165.162,2025-05-23,"1,011,870,000"
HBL Growth Fund-Class B,-,-,5.26%,3.7%,-,6.23%,43.24%,30.9295,2025-05-22,"2,219,390,000"
Meezan Islamic Fund,High,Forward,4.24%,3%,0.55%,6.21%,51.81%,123.979,2025-05-23,"39,977,000,000"
ABL Financial Planning Fund (Strategic Allocation Plan),Medium to High,Forward,0.56%,1%,1%,6.2%,50.94%,117.874,2025-05-22,"64,000,000"
HBL Islamic Stock Fund,High,Forward,4.5%,3%,0.04%,6.18%,50.16%,200.709,2025-05-23,"846,000,000"
Alfalah GHP Alpha Fund,High,Forward,4.92%,3.97%,1.25%,6.11%,59.17%,81.4,2025-05-23,"1,761,080,000"
HBL KPK Islamic Pension Fund,-,-,0.55%,-,-,6.08%,16.71%,124.079,2025-05-23,"55,700,000"
ABL Islamic Financial Planning Fund (Active Allocation Plan),Medium to High,Forward,0.35%,1%,2%,5.99%,36.82%,114.902,2025-05-22,"85,000,000"
Lakson Equity Fund,High,Forward,4.09%,3%,-,5.97%,54.43%,246.789,2025-05-23,"4,034,000,000"
AWT Stock Fund,High,Forward,4.46%,2%,0.5%,5.96%,56.67%,227.496,2025-05-23,"243,770,000"
Alfalah Consumer Index Exchange Traded Fund,High,Backward,2.4%,0.18%,-,5.96%,52.11%,15.47,2025-05-23,"20,090,000"
HBL Pension Fund,-,Forward,2.7%,1%,-,5.92%,52.29%,787.943,2025-05-23,"184,510,000"
HBL Equity Fund,High,Forward,4.3%,3%,0.28%,5.9%,50.44%,182.752,2025-05-23,"1,063,000,000"
Alfalah GHP Pension Fund,-,Forward,4.57%,3.25%,-,5.83%,56.48%,241.464,2025-05-23,"180,630,000"
Alfalah GHP Stock Fund,High,Forward,5.07%,3.36%,1.07%,5.83%,57.17%,147.916,2025-05-23,"7,131,060,000"
AL Habib Pension Fund,-,-,1.97%,1.02%,1.02%,5.83%,71.57%,372.531,2025-05-22,"360,240,000"
Al Meezan Mutual Fund,High,Forward,4.4%,3%,0.55%,5.74%,56.13%,38.0973,2025-05-23,"11,030,000,000"
Atlas Islamic Fund of Funds (Atlas Aggressive Allocation Islamic Plan),High,Forward,0.29%,1%,-,5.72%,41%,1158.79,2025-05-23,"336,000,000"
Alfalah Asset Allocation Fund (Formerly: Faysal Asset Allocation Fund),High,Forward,3.26%,2.37%,0.3%,5.7%,53.91%,94.5,2025-05-23,"157,720,000"
Al Ameen Islamic Fixed Return Plan I (P),-,-,0.35%,0.68%,-,5.64%,9.05%,100,2025-05-22,"1,090,000"
HBL Multi Asset Fund,-,-,4.61%,2.5%,0.25%,5.61%,38.22%,191.383,2025-05-23,"168,000,000"
Alhamra Islamic Asset Allocation Fund,High,Forward,4.86%,3.48%,0.3%,5.57%,47.07%,164.862,2025-05-23,"1,797,000,000"
Alfalah Strategic Allocation Fund Plan - I,-,-,0.46%,0.05%,0.05%,5.57%,3.49%,103.312,2025-05-22,"97,980,000"
Alfalah GHP Value Fund,High,Forward,4.99%,3.32%,0.02%,5.55%,44.45%,70.4955,2025-05-23,"340,740,000"
Lucky Islamic Stock Fund,-,-,1.09%,2.5%,-,5.53%,2.97%,102.97,2025-05-23,"1,087,490,000"
Meezan Tahaffuz Pension Fund,-,Forward,2.58%,1.5%,3%,5.49%,56.73%,1350.27,2025-05-23,"7,030,430,000"
Meezan Dedicated Equity Fund,High,Forward,4.49%,3%,0.8%,5.44%,57.02%,106.295,2025-05-23,"10,000"
UBL Fixed Return Plan II (Z),-,-,446111%,0.14%,-,5.43%,2.59%,100.313,2025-05-21,"2,226,720,000"
HBL Stock Fund,High,Forward,4.5%,2.5%,0.28%,5.36%,37.46%,165.682,2025-05-23,"780,000,000"
MCB Pakistan Asset Allocation Fund,High,Forward,5.09%,3.48%,0.3%,5.33%,48.85%,178.273,2025-05-23,"736,000,000"
AL Habib Asset Allocation Fund,-,-,3.82%,2%,2%,5.13%,62.28%,161.243,2025-05-22,"156,780,000"
JS Large Cap Fund,Low,Forward,5.01%,2.05%,0.57%,5.09%,52.06%,306.28,2025-05-23,"2,320,200,000"
Alfalah GHP Islamic Stock Fund,High,Forward,5.14%,3.5%,1.07%,5.07%,43.66%,55.5155,2025-05-23,"4,065,490,000"
Pakistan Capital Market Fund,High,Forward,4.85%,3.48%,0.3%,4.99%,37.81%,23.58,2025-05-23,"682,000,000"
Meezan Financial Planning Fund of Funds (Aggressive),High,Forward,0.36%,1%,0.55%,4.96%,42.5%,146.217,2025-05-22,"170,000,000"
JS Pension Savings Fund,-,Forward,3.29%,1.5%,-,4.93%,63.62%,1256.29,2025-05-23,"123,520,000"
Meezan Strategic Allocation Fund (MSAP V),-,-,0.53%,1%,-,4.89%,39.6%,90.3147,2025-05-20,"41,210,000"
Atlas Islamic Fund of Funds (Atlas Moderate Allocation Islamic Plan),High,Forward,0.26%,1%,-,4.84%,34.82%,1028.89,2025-05-23,"316,000,000"
JS Growth Fund,High,Forward,4.98%,2%,1.7%,4.84%,45.93%,374.72,2025-05-23,"3,693,230,000"
Meezan Strategic Allocation Fund (MSAP III),-,-,0.5%,1%,-,4.76%,42.61%,77.1351,2025-05-20,"109,510,000"
Meezan Strategic Allocation Fund (MSAP II),-,-,0.9%,1%,-,4.74%,45.06%,70.1686,2025-05-20,"47,540,000"
Meezan Strategic Allocation Fund (MSAP IV),-,-,0.42%,2%,0.44%,4.73%,41.04%,80.9187,2025-05-20,"71,510,000"
Meezan Energy Fund,High,Forward,5.06%,2.5%,0.44%,4.47%,53.51%,52.3536,2025-05-23,"3,372,610,000"
Meezan Dynamic Asset Allocation Fund (Meezan Dividend Yield Plan),-,-,5.34%,2.5%,0.44%,4.37%,36.77%,68.329,2025-05-23,"273,530,000"
Meezan Financial Planning Fund of Funds (MAAP I),High,Forward,0.41%,1%,-,4.03%,40.74%,117.216,2025-05-22,"124,000,000"
Meezan Strategic Allocation Fund (MSAP I),-,-,0.53%,1%,-,3.93%,44.29%,81.0072,2025-05-21,"103,020,000"
JS Islamic Fund,High,Forward,5.15%,2%,1%,3.85%,47.79%,209.76,2025-05-23,"376,990,000"
JS Islamic Pension Savings Fund,-,Forward,3.4%,1.5%,-,3.73%,52.2%,1551.12,2025-05-23,"47,610,000"
Alfalah GHP Prosperity Planning Fund (Capital Preservation Plan IV),-,-,0.19%,1.2%,-,3.69%,30.69%,130.694,2025-05-22,"528,820,000"
Alfalah Financial Sector Income Plan II,Medium,Forward,0.66%,0.05%,0.02%,3.67%,8.45%,100,2025-05-23,"220,450,000"
Al Ameen Islamic Asset Allocation Fund,Medium,Forward,3.07%,2%,-,3.65%,29.47%,202.84,2025-05-22,"1,540,150,000"
Meezan Balanced Fund,Medium,Forward,4.2%,3%,0.55%,3.51%,32.5%,24.3199,2025-05-23,"2,908,860,000"
Meezan Financial Planning Fund of Funds (Moderate),Medium,Forward,0.36%,1%,-,3.45%,32.47%,124.055,2025-05-22,"137,000,000"
Meezan Asset Allocation Fund,High,Forward,5.3%,2.5%,0.44%,3.41%,49.79%,90.9284,2025-05-23,"581,800,000"
Unit Trust of Pakistan,-,-,5.05%,2.5%,0.57%,3.32%,39.73%,317.6,2025-05-23,"2,281,320,000"
Faysal Islamic Stock Fund,High,Forward,4.93%,2%,0.5%,3.27%,44.85%,135.948,2025-05-23,"567,990,000"
Atlas Islamic Fund of Funds (Atlas Conservative Allocation Islamic Plan),Medium,Forward,0.29%,1%,-,3.1%,25.09%,853.764,2025-05-23,"300,000,000"
Alfalah GHP Islamic Prosperity Planning Fund (Alfalah GHP Islamic Active Allocation Plan II),High,Forward,0.31%,1.45%,-,3.08%,46.06%,132.626,2025-05-22,"28,130,000"
Alfalah GHP Islamic Prosperity Planning Fund (Alfalah GHP Islamic Moderate Allocation Plan),Medium,Forward,0.54%,1.45%,-,3%,27.42%,132.972,2025-05-22,"52,580,000"
Alfalah GHP Prosperity Planning Fund (Alfalah GHP Moderate Allocation Plan),Medium,Forward,0.45%,1.2%,-,2.78%,32.97%,131.397,2025-05-22,"45,740,000"
ABL Islamic Financial Planning Fund (Capital Preservation Plan I),Medium to High,Forward,0.37%,1%,1%,2.74%,21.25%,121.332,2025-05-22,"242,000,000"
Alhamra Smart Portfolio,-,-,0.97%,0.03%,-,2.43%,21.04%,156.03,2025-05-23,"186,950,000"
Alfalah Special Savings Fund - II (Formerly: Faysal Special Savings Plan II),-,-,1.41%,0.01%,1%,2.41%,13.36%,121.07,2025-05-23,"51,390,000"
Alfalah Special Savings Fund - I (Formerly: Faysal Special Savings Plan I),-,-,1.35%,0.01%,0.15%,2.36%,3.98%,140.45,2025-05-23,"52,460,000"
Alfalah GHP Prosperity Planning Fund (Alfalah GHP Conservative Allocation Plan),Medium,Forward,0.32%,1.2%,-,1.98%,22.64%,132.95,2025-05-22,"322,560,000"
Meezan Financial Planning Fund of Funds (Conservative),Medium,Forward,0.41%,1%,-,1.96%,21.45%,111.194,2025-05-22,"87,000,000"
ABL Special Saving Fund (ABL Special Saving Plan VI),-,-,1.41%,0.95%,1%,1.74%,17.94%,10.6455,2025-05-23,"2,160,000,000"
Alfalah GHP Islamic Prosperity Planning Fund (Alfalah GHP Islamic Balance Allocation Plan),Medium,Forward,0.58%,1.45%,-,1.68%,19.27%,120.744,2025-05-22,"108,140,000"
ABL Financial Planning Fund (Conservative Plan),Medium to High,Forward,0.63%,1%,-,1.59%,21.03%,132.757,2025-05-22,"421,000,000"
Lakson Islamic Tactical Fund,-,-,3.63%,2%,-,1.35%,20.14%,103.473,2025-05-23,"580,000,000"
Pak Qatar Asset Allocation Plan I (PQAAP IA),-,-,0.47%,0.15%,-,1.3%,16.82%,117.278,2025-05-23,"11,009,800,000"
HBL Islamic Asset Allocation Fund Plan II,-,-,1.05%,0.65%,0.48%,1.22%,12.71%,114.262,2025-05-23,"669,000,000"
ABL Special Saving Fund (ABL Special Saving Plan IV),-,-,1.38%,0.55%,-,1.11%,15.83%,11.7519,2025-05-23,"14,336,000,000"
Pak Qatar Asset Allocation Plan II (PQAAP IIA),-,-,0.42%,0.15%,-,1.11%,14.31%,114.798,2025-05-23,"18,350,200,000"
Faysal Islamic Asset Allocation Fund,High,Forward,0.54%,0.15%,0.51%,1.06%,17.59%,105.447,2025-05-23,"915,580,000"
ABL Special Saving Fund (ABL Special Saving Plan III),-,-,1.47%,0.95%,-,0.99%,15.76%,11.8044,2025-05-23,"3,727,000,000"
Alfalah GHP Islamic Value Fund,High,Forward,0.54%,0.15%,0.02%,0.99%,14.49%,127.315,2025-05-23,"1,063,810,000"
Alfalah Financial Value Fund (Alfalah Financial Value Plan I),-,-,0.35%,0.1%,0.04%,0.96%,34.97%,134.641,2025-05-23,"3,152,300,000"
ABL Special Saving Fund (ABL Special Saving Plan V),-,-,1.39%,0.95%,0.15%,0.96%,15.8%,11.6971,2025-05-23,"5,643,000,000"
ABL Special Saving Fund (ABL Special Saving Plan I),-,-,1.2%,0.95%,-,0.83%,15.33%,11.6584,2025-05-23,"34,918,000,000"
UBL Retirement Saving Fund,-,-,2.42%,0.6%,0.76%,0.76%,37.99%,336.42,2025-05-22,"10,810,000"
ABL Special Saving Fund (ABL Special Saving Plan II),-,-,0.5%,0.3%,-,0.73%,14.76%,10.743,2025-05-23,"9,508,000,000"
Faysal Islamic Asset Allocation Fund II,-,-,2.74%,2%,-,0.69%,31.95%,131.946,2025-05-23,"1,793,130,000"
JS Fund of Funds,High,Forward,1.36%,1%,1%,0.66%,28.79%,133.47,2025-05-23,"2,212,860,000"
ABL Islamic Financial Planning Fund (Conservative Allocation Plan),Medium to High,Forward,0.33%,1%,2%,0.65%,12.39%,130.164,2025-05-22,"850,000,000"
Faysal Khushal Mustaqbil Fund (Faysal Barak’ah Women Savers Plan),-,-,1.04%,1%,-,0.58%,2.53%,102.525,2025-05-22,"60,110,000"
Faysal Khushal Mustaqbil Fund (Faysal Ujala Women Savers Plan),-,-,1.16%,1%,-,0.57%,2.43%,102.434,2025-05-22,"50,930,000"
Faysal Khushal Mustaqbil Fund (Faysal Nu’umah Women Savers Plan),-,-,0.96%,1%,-,0.55%,2.47%,102.469,2025-05-22,"50,430,000"
Meezan Financial Planning Fund of Funds (Very Conservative Allocation Plan),-,-,0.37%,1%,-,0.53%,9.76%,55.2324,2025-05-22,"9,000,000"
Alfalah Financial Value Fund - II (Formerly Faysal Financial Value Fund),-,-,1.81%,0.25%,-,0.41%,2.39%,102.43,2025-05-23,"102,000,000"
Lakson Asset Allocation Developed Markets Fund,High,Forward,3.01%,2.25%,-,0.37%,10.05%,204.515,2025-05-22,"1,513,000,000"
Alfalah KTrade Islamic Plan VII,-,-,1.03%,0.2%,-,0.26%,9.73%,123.489,2025-05-22,"12,060,000"
ABL Islamic Asset Allocation Fund,Medium,Forward,0.85%,0.2%,-,0.22%,5.47%,10.5017,2025-05-23,"946,000,000"
NBP Fixed Term Munafa Plan VI (A),-,-,0.31%,0.15%,-,0%,7.32%,10.1343,2025-05-23,"8,027,000,000"
NBP Fixed Term Munafa Plan IX (A),-,-,0.32%,0.15%,-,0%,7.44%,10.1447,2025-05-23,"2,032,000,000"
NBP Fixed Term Munafa Plan X (A),-,-,0.33%,0.15%,-,0%,9.25%,10.3574,2025-05-23,"4,147,000,000"
NBP Fixed Term Munafa Plan I (A),-,-,0.32%,0.15%,-,0%,9.99%,10.4819,2025-05-23,"8,328,000,000"
NBP Fixed Term Munafa Plan V (A),-,-,0.32%,0.15%,-,0%,9.62%,10.4139,2025-05-23,"3,124,000,000"
Alfalah KPK Employee Pension Fund,-,-,0.72%,-,-,0%,17.11%,124.657,2025-05-23,"41,170,000"
NBP Fixed Term Munafa Plan III (A),-,-,0.4%,0.16%,-,0%,10.62%,10.5094,2025-05-23,"1,411,000,000"
NBP Fixed Term Munafa Plan XIX,-,-,0.4%,0.22%,-,0%,13.71%,10.8084,2025-05-23,"4,525,000,000"
NBP Fixed Term Munafa Plan IV (A),-,-,0.32%,0.15%,-,0%,9.53%,10.4099,2025-05-23,"10,434,000,000"
NBP Fixed Term Munafa Plan VII (A),-,-,0.36%,0.19%,-,0%,2.14%,10.017,2025-05-23,"10,673,000,000"
NBP Fixed Term Munafa Plan XVI (NBP Mustahkam Fund II),-,-,1.3%,0.94%,-,0%,16.55%,11.378,2025-05-23,"648,000,000"
NBP Fixed Term Munafa Plan XVII (NBP Mustahkam Fund II),-,-,1.19%,0.87%,-,0%,15.71%,11.2399,2025-05-23,"1,136,000,000"
NBP Islamic Fixed Term Munafa Plan IV,-,-,0.32%,0.15%,-,0%,5.37%,10.0662,2025-05-23,"2,008,000,000"
AL Habib Fixed Return Fund Plan 22,-,-,14.99%,-,-,0%,0%,100,2025-05-22,-
MCB DCF Fixed Return III (Plan VI),-,-,-,-,-,0%,0%,100,2025-05-22,-
Alfalah Pension Fund - II (Formerly: Faysal Pension Fund),-,Forward,2.31%,0.01%,-,-0.09%,39%,240.572,2025-05-23,"1,270,000"
Meezan Gold Fund,High,Forward,2.3%,1.5%,0.18%,-1.73%,46.54%,240.208,2025-05-22,"6,271,000,000"
Meezan Tahaffuz Pension Fund,-,Forward,2.74%,1.5%,1%,-1.98%,43.32%,441.878,2025-05-22,"1,050,450,000"
HBL Islamic Asset Allocation Fund Plan I,High,Forward,1.06%,1.2%,0.5%,-2.99%,-2.26%,99.937,2025-05-23,"99,000,000"
Alfalah Income & Growth Fund (Formerly: Faysal Income & Growth Fund),-,-,2.69%,0.01%,0.09%,-13.84%,9.71%,118.79,2025-05-23,"80,040,000"
NIT Pakistan Gateway Exchange Traded Fund,High,Backward,1.57%,0.4%,0.4%,-100%,-100%,-,2025-05-24,"102,000,000"
NIT Islamic Pension Fund,Medium to High,Forward,1.39%,0.75%,0.75%,-100%,-100%,-,2025-05-23,"258,000,000"
NIT Islamic Equity Fund,-,-,3.25%,2%,0.47%,-100%,-100%,-,2025-05-23,"3,431,000,000"
NIT Pension Fund,Medium to High,Forward,1.42%,0.75%,0.75%,-100%,-100%,-,2025-05-23,"210,400,000"
National Investment Unit Trust,High,Forward,2.62%,1.5%,0.5%,-100%,-100%,-,2025-05-23,"82,335,000,000"
NIT Asset Allocation Fund,High,Forward,2.39%,1.5%,1.51%,-100%,-100%,-,2025-05-23,"875,000,000"
NIT Pension Fund,Medium to High,Forward,0.97%,0.5%,0.94%,-100%,-100%,-,2025-05-23,"313,500,000"
NIT - Income Fund,Medium,Forward,1.71%,1.16%,1.17%,-1586.96%,-111.62%,-,2025-05-23,"2,710,000,000"
NIT Social Impact Fund,-,-,1.44%,1.07%,1.09%,-1586.96%,-111.62%,-,2025-05-23,"4,681,000,000"
NIT Pension Fund,Medium to High,Forward,0.88%,0.5%,0.5%,-1586.96%,-111.62%,-,2025-05-23,"235,400,000"
NIT - Government Bond Fund,Medium,Forward,1.27%,0.93%,0.93%,-1586.96%,-111.62%,-,2025-05-23,"17,538,000,000"
NIT Islamic Pension Fund,Medium to High,Forward,0.88%,0.5%,0.5%,-1586.96%,-111.62%,-,2025-05-23,"278,000,000"
NIT Islamic Pension Fund,Medium to High,Forward,0.9%,0.5%,0.5%,-1586.96%,-111.62%,-,2025-05-23,"227,000,000"
NIT KP Pension Fund,-,-,0.91%,0.5%,0.5%,-1586.96%,-69.39%,-,2025-05-23,"71,100,000"
NIT KP Islamic Pension Fund,-,-,0.85%,0.5%,0.5%,-1586.96%,-69.39%,-,2025-05-23,"150,400,000"
NIT Pension Fund,Medium to High,Forward,0.84%,0.5%,0.5%,-1586.96%,-111.62%,-,2025-05-23,"393,400,000"
NIT Islamic Income Fund,-,Forward,1.36%,0.92%,0.92%,-1586.96%,-111.62%,-,2025-05-23,"2,371,000,000"
